(1.0 coord = 10 mi),,
node,xpos,ypos
1,0,0
2,0,-0.3
3,4.6114816,2.997372
4,2.2,2.159675
5,2.2,0
6,4.12043,-3.2038634
7,-0.401412,-2.41611825
8,-0.401412,-0.81611825
9,3.82043,0
10,3.82043,-1.6322365
11,4.12043,0
12,4.12043,-1.63224
13,4.68616,-4.883386
14,6.994608,-0.386137
15,8.43127,3.1
16,8.43127,1.9
17,9.772911,3.1
18,10.772911,3.1
19,9.007426,0.4073368
20,9.99769,-2.15818
21,11.3786227,1.404974
22,14.5052128,-2.4583558
23,10.53784,-3.55755
24,4.83127,3.1
