INPUT,INPUT,INPUT,INPUT,INPUT,INPUT,INPUT,INPUT,INPUT,INPUT,INPUT,INPUT,INPUT,INPUT,INPUT,INPUT,INPUT,INPUT,INPUT,INPUT,INPUT,INPUT,INPUT,RELIABILITY
ID,type,kron_reduction,normal_amps,number_of_phases,R11,R21,R22,R31,R32,R33,X11,X21,X22,X31,X32,X33,C11,C21,C22,C31,C32,C33,max_PU_capacity
300,1201,0,400,3,0.253181818,0.039791667,0.250719697,0.040340909,0.039128788,0.251780303,0.252708333,0.109450758,0.256988636,0.094981061,0.086950758,0.255132576,2.6801503,-0.769281,2.561038,-0.49950768,-0.3120723,2.4555904,1.4
301,1201,0,400,3,0.365530303,0.04407197,0.36282197,0.04467803,0.043333333,0.363996212,0.267329545,0.122007576,0.270473485,0.107784091,0.099204545,0.269109848,2.5724922,-0.721606,2.4643819,-0.4723294,-0.2989611,2.36888112,1.4
302,1201,0,400,1,0.530208333,0,0,0,0,0,0.281344697,0,0,0,0,0,2.12257,0,0,0,0,0,1.4
303,1201,0,400,1,0.530208333,0,0,0,0,0,0.281344697,0,0,0,0,0,2.12257,0,0,0,0,0,1.4
304,1201,0,400,1,0.363958333,0,0,0,0,0,0.269166667,0,0,0,0,0,2.1922,0,0,0,0,0,1.4
